{
  "training_config": {
    "num_epochs": 30,
    "batch_size": 4,
    "learning_rate": 0.001,
    "block_size": 8192,
    "num_features": 9,
    "num_classes": 13,
    "gradient_clip_value": 8.0
  },
  "best_performance": {
    "best_epoch": 26,
    "best_val_accuracy": 0.7322658458787992,
    "final_train_loss": 0.9002673959231559,
    "final_val_loss": 0.8579591928106366
  },
  "training_history": {
    "train_loss": [
      1.8241559644691816,
      1.515426972440181,
      1.441487081178272,
      1.3939214146319236,
      1.3060170453013356,
      1.2854043429589455,
      1.2581649804843291,
      1.1659037452617675,
      1.1721978153436239,
      1.1744180292118596,
      1.1672420078561505,
      1.1301283017369628,
      1.1609593973359988,
      1.1284065452468304,
      1.0959187789272715,
      1.0743190467585133,
      0.994107594358102,
      0.9651093331684593,
      1.001062672670561,
      1.0399546496968233,
      0.965672395839036,
      0.8986068570431862,
      0.8853007925830725,
      0.8896896832316886,
      0.9193765360662955,
      0.8918769001278258,
      0.8450417567527931,
      0.8791983463154495,
      0.8746488220591582,
      0.9002673959231559
    ],
    "train_acc": [
      0.5190379722370516,
      0.5833931418752895,
      0.5951693553994445,
      0.6013729448547566,
      0.6199052255577515,
      0.627519000260447,
      0.6318155516351007,
      0.6572000645814404,
      0.6519013223874863,
      0.6530025066555417,
      0.6630187580800456,
      0.6742318874397348,
      0.6606455079954887,
      0.6739365569842825,
      0.678597734228517,
      0.6784777635965734,
      0.7070376092610728,
      0.7161376998872182,
      0.7025744090707295,
      0.7029010972952398,
      0.713631280044217,
      0.7316259320409975,
      0.7342174391101903,
      0.739567563618022,
      0.7297766401387794,
      0.7404478982158788,
      0.7494068053282046,
      0.7367050030581904,
      0.7409612499572796,
      0.7423391444844739
    ],
    "val_loss": [
      1.364356847875046,
      1.292462580131762,
      1.3034019140583095,
      1.2286472654703893,
      1.14476129322341,
      1.1645748488830798,
      1.1207863494302288,
      1.1648480025204746,
      1.0529206377087217,
      1.0225239648963467,
      1.0624817605271484,
      1.0164913018092965,
      0.9616721716116775,
      1.0611185187643224,
      0.9416910875024218,
      0.9855691718332695,
      1.0074918748754444,
      0.9600051885301416,
      0.9511055007125392,
      0.9622897291273782,
      0.8966633040796627,
      0.8824500100630702,
      0.9004683968695727,
      0.8512192406324726,
      0.8860117002870097,
      0.9041736270442153,
      0.8712351966762182,
      0.9077247378952575,
      0.8869261688581018,
      0.8579591928106366
    ],
    "val_acc": [
      0.5696938853119222,
      0.566740814258873,
      0.5687502171375775,
      0.6244829778223895,
      0.6337393766907388,
      0.6290745572975597,
      0.6175064061453925,
      0.6745236823152828,
      0.6906928026756983,
      0.6683339702702271,
      0.6830551937900061,
      0.6667715186860383,
      0.682147206601358,
      0.6673996918289604,
      0.7255352852084473,
      0.6849415911653879,
      0.693498454919422,
      0.7164375728291172,
      0.7194253858945552,
      0.6953022226437169,
      0.7113858964331221,
      0.7217934765768413,
      0.7184798397735948,
      0.7259953821292722,
      0.7298770977837413,
      0.7322658458787992,
      0.724106167833967,
      0.6980731328750518,
      0.7071520657882259,
      0.71362910366547
    ]
  }
}